id,gameType,type,points,t1Points,t1Multiplier,t2Points,t2Multiplier,t3Points,t3Multiplier
1,CLASSIC,DOUBLE,170,20,TRIPLE,20,TRIPLE,25,DOUBLE
2,CLASSIC,DOUBLE,167,20,TRIPLE,19,TRIPLE,25,DOUBLE
3,CLASSIC,DOUBLE,164,20,TRIPLE,18,TRIPLE,25,DOUBLE
4,CLASSIC,DOUBLE,161,20,TRIPLE,17,TRIPLE,25,DOUBLE
5,CLASSIC,DOUBLE,160,20,TRIPLE,20,TRIPLE,20,DOUBLE
6,CLASSIC,DOUBLE,158,20,TRIPLE,20,TRIPLE,19,DOUBLE
7,CLASSIC,DOUBLE,157,20,TRIPLE,19,TRIPLE,20,DOUBLE
8,CLASSIC,DOUBLE,156,20,TRIPLE,20,TRIPLE,18,DOUBLE
9,CLASSIC,DOUBLE,155,20,TRIPLE,19,TRIPLE,19,DOUBLE
10,CLASSIC,DOUBLE,154,20,TRIPLE,18,TRIPLE,20,DOUBLE
11,CLASSIC,DOUBLE,153,20,TRIPLE,19,TRIPLE,18,DOUBLE
12,CLASSIC,DOUBLE,152,20,TRIPLE,20,TRIPLE,16,DOUBLE
13,CLASSIC,DOUBLE,151,20,TRIPLE,17,TRIPLE,20,DOUBLE
14,CLASSIC,DOUBLE,150,20,TRIPLE,18,TRIPLE,18,DOUBLE
15,CLASSIC,DOUBLE,149,20,TRIPLE,19,TRIPLE,16,DOUBLE
16,CLASSIC,DOUBLE,148,20,TRIPLE,16,TRIPLE,20,DOUBLE
17,CLASSIC,DOUBLE,147,20,TRIPLE,17,TRIPLE,18,DOUBLE
18,CLASSIC,DOUBLE,146,19,TRIPLE,19,TRIPLE,16,DOUBLE
19,CLASSIC,DOUBLE,145,19,TRIPLE,20,TRIPLE,14,DOUBLE
20,CLASSIC,DOUBLE,144,20,TRIPLE,20,TRIPLE,12,DOUBLE
21,CLASSIC,DOUBLE,143,20,TRIPLE,17,TRIPLE,16,DOUBLE
22,CLASSIC,DOUBLE,142,18,TRIPLE,20,TRIPLE,14,DOUBLE
23,CLASSIC,DOUBLE,141,20,TRIPLE,19,TRIPLE,12,DOUBLE
24,CLASSIC,DOUBLE,140,20,TRIPLE,20,TRIPLE,10,DOUBLE
25,CLASSIC,DOUBLE,139,19,TRIPLE,14,TRIPLE,20,DOUBLE
26,CLASSIC,DOUBLE,138,20,TRIPLE,18,TRIPLE,12,DOUBLE
27,CLASSIC,DOUBLE,137,20,TRIPLE,15,TRIPLE,16,DOUBLE
28,CLASSIC,DOUBLE,136,20,TRIPLE,20,TRIPLE,8,DOUBLE
29,CLASSIC,DOUBLE,135,25,SINGLE,20,TRIPLE,25,DOUBLE
30,CLASSIC,DOUBLE,134,20,TRIPLE,14,TRIPLE,16,DOUBLE
31,CLASSIC,DOUBLE,133,20,TRIPLE,11,TRIPLE,20,DOUBLE
32,CLASSIC,DOUBLE,132,25,DOUBLE,14,TRIPLE,20,DOUBLE
33,CLASSIC,DOUBLE,131,20,TRIPLE,13,TRIPLE,16,DOUBLE
34,CLASSIC,DOUBLE,130,20,TRIPLE,20,TRIPLE,5,DOUBLE
35,CLASSIC,DOUBLE,129,19,TRIPLE,16,TRIPLE,12,DOUBLE
36,CLASSIC,DOUBLE,128,18,TRIPLE,14,TRIPLE,16,DOUBLE
37,CLASSIC,DOUBLE,127,20,TRIPLE,17,TRIPLE,8,DOUBLE
38,CLASSIC,DOUBLE,126,19,TRIPLE,19,TRIPLE,6,DOUBLE
39,CLASSIC,DOUBLE,125,25,DOUBLE,17,TRIPLE,12,DOUBLE
40,CLASSIC,DOUBLE,124,20,TRIPLE,16,TRIPLE,8,DOUBLE
41,CLASSIC,DOUBLE,123,19,TRIPLE,16,TRIPLE,9,DOUBLE
42,CLASSIC,DOUBLE,122,18,TRIPLE,18,TRIPLE,7,DOUBLE
43,CLASSIC,DOUBLE,121,20,TRIPLE,11,TRIPLE,14,DOUBLE
44,CLASSIC,DOUBLE,120,20,TRIPLE,20,SINGLE,20,DOUBLE
45,CLASSIC,DOUBLE,119,19,TRIPLE,12,TRIPLE,13,DOUBLE
46,CLASSIC,DOUBLE,118,20,TRIPLE,18,SINGLE,20,DOUBLE
47,CLASSIC,DOUBLE,117,20,TRIPLE,17,SINGLE,20,DOUBLE
48,CLASSIC,DOUBLE,116,20,TRIPLE,16,SINGLE,20,DOUBLE
49,CLASSIC,DOUBLE,115,20,TRIPLE,15,SINGLE,20,DOUBLE
50,CLASSIC,DOUBLE,114,20,TRIPLE,14,SINGLE,20,DOUBLE
51,CLASSIC,DOUBLE,113,19,TRIPLE,16,SINGLE,20,DOUBLE
52,CLASSIC,DOUBLE,112,20,TRIPLE,12,SINGLE,20,DOUBLE
53,CLASSIC,DOUBLE,111,20,TRIPLE,11,SINGLE,20,DOUBLE
54,CLASSIC,DOUBLE,110,20,TRIPLE,10,SINGLE,20,DOUBLE
55,CLASSIC,DOUBLE,109,20,TRIPLE,9,SINGLE,20,DOUBLE
56,CLASSIC,DOUBLE,108,20,TRIPLE,16,SINGLE,16,DOUBLE
57,CLASSIC,DOUBLE,107,19,TRIPLE,18,SINGLE,16,DOUBLE
58,CLASSIC,DOUBLE,106,20,TRIPLE,14,SINGLE,16,DOUBLE
59,CLASSIC,DOUBLE,105,20,TRIPLE,13,SINGLE,16,DOUBLE
60,CLASSIC,DOUBLE,104,18,TRIPLE,18,SINGLE,16,DOUBLE
61,CLASSIC,DOUBLE,103,19,TRIPLE,14,SINGLE,16,DOUBLE
62,CLASSIC,DOUBLE,102,20,TRIPLE,10,SINGLE,16,DOUBLE
63,CLASSIC,DOUBLE,101,20,TRIPLE,9,SINGLE,16,DOUBLE
64,CLASSIC,DOUBLE,100,20,TRIPLE,20,DOUBLE,,
65,CLASSIC,DOUBLE,99,19,TRIPLE,10,SINGLE,16,DOUBLE
66,CLASSIC,DOUBLE,98,20,TRIPLE,19,DOUBLE,,
67,CLASSIC,DOUBLE,97,19,TRIPLE,20,DOUBLE,,
68,CLASSIC,DOUBLE,96,20,TRIPLE,18,DOUBLE,,
69,CLASSIC,DOUBLE,95,19,TRIPLE,19,DOUBLE,,
70,CLASSIC,DOUBLE,94,18,TRIPLE,20,DOUBLE,,
71,CLASSIC,DOUBLE,93,19,TRIPLE,18,DOUBLE,,
72,CLASSIC,DOUBLE,92,20,TRIPLE,16,DOUBLE,,
73,CLASSIC,DOUBLE,91,17,TRIPLE,20,DOUBLE,,
74,CLASSIC,DOUBLE,90,20,TRIPLE,15,DOUBLE,,
75,CLASSIC,DOUBLE,89,19,TRIPLE,16,DOUBLE,,
76,CLASSIC,DOUBLE,88,20,TRIPLE,14,DOUBLE,,
77,CLASSIC,DOUBLE,87,17,TRIPLE,18,DOUBLE,,
78,CLASSIC,DOUBLE,86,18,TRIPLE,16,DOUBLE,,
79,CLASSIC,DOUBLE,85,15,TRIPLE,20,DOUBLE,,
80,CLASSIC,DOUBLE,84,20,TRIPLE,12,DOUBLE,,
81,CLASSIC,DOUBLE,83,17,TRIPLE,16,DOUBLE,,
82,CLASSIC,DOUBLE,82,25,DOUBLE,16,DOUBLE,,
83,CLASSIC,DOUBLE,81,19,TRIPLE,12,DOUBLE,,
84,CLASSIC,DOUBLE,80,20,TRIPLE,10,DOUBLE,,
85,CLASSIC,DOUBLE,79,19,TRIPLE,11,DOUBLE,,
86,CLASSIC,DOUBLE,78,18,TRIPLE,12,DOUBLE,,
87,CLASSIC,DOUBLE,77,19,TRIPLE,10,DOUBLE,,
88,CLASSIC,DOUBLE,76,20,TRIPLE,8,DOUBLE,,
89,CLASSIC,DOUBLE,75,17,TRIPLE,12,DOUBLE,,
90,CLASSIC,DOUBLE,74,14,TRIPLE,16,DOUBLE,,
91,CLASSIC,DOUBLE,73,17,TRIPLE,11,DOUBLE,,
92,CLASSIC,DOUBLE,72,16,TRIPLE,12,DOUBLE,,
93,CLASSIC,DOUBLE,71,13,TRIPLE,16,DOUBLE,,
94,CLASSIC,DOUBLE,70,18,TRIPLE,8,DOUBLE,,
95,CLASSIC,DOUBLE,69,15,TRIPLE,12,DOUBLE,,
96,CLASSIC,DOUBLE,68,20,TRIPLE,4,DOUBLE,,
97,CLASSIC,DOUBLE,67,17,TRIPLE,8,DOUBLE,,
98,CLASSIC,DOUBLE,66,10,TRIPLE,18,DOUBLE,,
99,CLASSIC,DOUBLE,65,11,TRIPLE,16,DOUBLE,,
100,CLASSIC,DOUBLE,64,16,TRIPLE,8,DOUBLE,,
101,CLASSIC,DOUBLE,63,13,TRIPLE,12,DOUBLE,,
102,CLASSIC,DOUBLE,62,10,TRIPLE,16,DOUBLE,,
103,CLASSIC,DOUBLE,61,15,TRIPLE,8,DOUBLE,,
104,CLASSIC,DOUBLE,60,20,SINGLE,20,DOUBLE,,
105,CLASSIC,DOUBLE,59,19,SINGLE,20,DOUBLE,,
106,CLASSIC,DOUBLE,58,18,SINGLE,20,DOUBLE,,
107,CLASSIC,DOUBLE,57,17,SINGLE,20,DOUBLE,,
108,CLASSIC,DOUBLE,56,16,SINGLE,20,DOUBLE,,
109,CLASSIC,DOUBLE,55,15,SINGLE,20,DOUBLE,,
110,CLASSIC,DOUBLE,54,14,SINGLE,20,DOUBLE,,
111,CLASSIC,DOUBLE,53,13,SINGLE,20,DOUBLE,,
112,CLASSIC,DOUBLE,52,12,SINGLE,20,DOUBLE,,
113,CLASSIC,DOUBLE,51,19,SINGLE,16,DOUBLE,,
114,CLASSIC,DOUBLE,50,18,SINGLE,16,DOUBLE,,
115,CLASSIC,DOUBLE,49,9,SINGLE,20,DOUBLE,,
116,CLASSIC,DOUBLE,48,16,SINGLE,16,DOUBLE,,
117,CLASSIC,DOUBLE,47,15,SINGLE,16,DOUBLE,,
118,CLASSIC,DOUBLE,46,14,SINGLE,16,DOUBLE,,
119,CLASSIC,DOUBLE,45,13,SINGLE,16,DOUBLE,,
120,CLASSIC,DOUBLE,44,12,SINGLE,16,DOUBLE,,
121,CLASSIC,DOUBLE,43,11,SINGLE,16,DOUBLE,,
122,CLASSIC,DOUBLE,42,10,SINGLE,16,DOUBLE,,
123,CLASSIC,DOUBLE,41,9,SINGLE,16,DOUBLE,,
124,CLASSIC,DOUBLE,40,20,DOUBLE,,,,
125,CLASSIC,DOUBLE,39,7,SINGLE,16,DOUBLE,,
126,CLASSIC,DOUBLE,38,19,DOUBLE,,,,
127,CLASSIC,DOUBLE,37,5,SINGLE,16,DOUBLE,,
128,CLASSIC,DOUBLE,36,18,DOUBLE,,,,
129,CLASSIC,DOUBLE,35,3,SINGLE,16,DOUBLE,,
130,CLASSIC,DOUBLE,34,17,DOUBLE,,,,
131,CLASSIC,DOUBLE,33,1,SINGLE,16,DOUBLE,,
132,CLASSIC,DOUBLE,32,16,DOUBLE,,,,
133,CLASSIC,DOUBLE,31,15,SINGLE,8,DOUBLE,,
134,CLASSIC,DOUBLE,30,15,DOUBLE,,,,
135,CLASSIC,DOUBLE,29,13,SINGLE,8,DOUBLE,,
136,CLASSIC,DOUBLE,28,14,DOUBLE,,,,
137,CLASSIC,DOUBLE,27,11,SINGLE,8,DOUBLE,,
138,CLASSIC,DOUBLE,26,13,DOUBLE,,,,
139,CLASSIC,DOUBLE,25,9,SINGLE,8,DOUBLE,,
140,CLASSIC,DOUBLE,24,12,DOUBLE,,,,
141,CLASSIC,DOUBLE,23,7,SINGLE,8,DOUBLE,,
142,CLASSIC,DOUBLE,22,11,DOUBLE,,,,
143,CLASSIC,DOUBLE,21,5,SINGLE,8,DOUBLE,,
144,CLASSIC,DOUBLE,20,10,DOUBLE,,,,
145,CLASSIC,DOUBLE,19,3,SINGLE,8,DOUBLE,,
146,CLASSIC,DOUBLE,18,9,DOUBLE,,,,
147,CLASSIC,DOUBLE,17,1,SINGLE,8,DOUBLE,,
148,CLASSIC,DOUBLE,16,8,DOUBLE,,,,
149,CLASSIC,DOUBLE,15,7,SINGLE,4,DOUBLE,,
150,CLASSIC,DOUBLE,14,7,DOUBLE,,,,
151,CLASSIC,DOUBLE,13,5,SINGLE,4,DOUBLE,,
152,CLASSIC,DOUBLE,12,6,DOUBLE,,,,
153,CLASSIC,DOUBLE,11,3,SINGLE,4,DOUBLE,,
154,CLASSIC,DOUBLE,10,5,DOUBLE,,,,
155,CLASSIC,DOUBLE,9,1,SINGLE,4,DOUBLE,,
156,CLASSIC,DOUBLE,8,4,DOUBLE,,,,
157,CLASSIC,DOUBLE,7,3,SINGLE,2,DOUBLE,,
158,CLASSIC,DOUBLE,6,3,DOUBLE,,,,
159,CLASSIC,DOUBLE,5,1,SINGLE,2,DOUBLE,,
160,CLASSIC,DOUBLE,4,2,DOUBLE,,,,
161,CLASSIC,DOUBLE,3,1,SINGLE,1,DOUBLE,,
162,CLASSIC,DOUBLE,2,1,DOUBLE,,,,
163,CLASSIC,TRIPLE,180,20,TRIPLE,20,TRIPLE,20,TRIPLE
164,CLASSIC,TRIPLE,177,19,TRIPLE,20,TRIPLE,20,TRIPLE
165,CLASSIC,TRIPLE,174,18,TRIPLE,20,TRIPLE,20,TRIPLE
166,CLASSIC,TRIPLE,171,17,TRIPLE,20,TRIPLE,20,TRIPLE
167,CLASSIC,TRIPLE,170,20,TRIPLE,25,DOUBLE,20,TRIPLE
168,CLASSIC,TRIPLE,168,16,TRIPLE,20,TRIPLE,20,TRIPLE
169,CLASSIC,TRIPLE,167,19,TRIPLE,25,DOUBLE,20,TRIPLE
170,CLASSIC,TRIPLE,165,15,TRIPLE,20,TRIPLE,20,TRIPLE
171,CLASSIC,TRIPLE,164,18,TRIPLE,25,DOUBLE,20,TRIPLE
172,CLASSIC,TRIPLE,162,14,TRIPLE,20,TRIPLE,20,TRIPLE
173,CLASSIC,TRIPLE,161,17,TRIPLE,25,DOUBLE,20,TRIPLE
174,CLASSIC,TRIPLE,160,20,TRIPLE,20,DOUBLE,20,TRIPLE
175,CLASSIC,TRIPLE,159,13,TRIPLE,20,TRIPLE,20,TRIPLE
176,CLASSIC,TRIPLE,158,16,TRIPLE,25,DOUBLE,20,TRIPLE
177,CLASSIC,TRIPLE,157,19,TRIPLE,20,DOUBLE,20,TRIPLE
178,CLASSIC,TRIPLE,156,12,TRIPLE,20,TRIPLE,20,TRIPLE
179,CLASSIC,TRIPLE,155,15,TRIPLE,25,DOUBLE,20,TRIPLE
180,CLASSIC,TRIPLE,154,18,TRIPLE,20,DOUBLE,20,TRIPLE
181,CLASSIC,TRIPLE,153,11,TRIPLE,20,TRIPLE,20,TRIPLE
182,CLASSIC,TRIPLE,152,14,TRIPLE,25,DOUBLE,20,TRIPLE
183,CLASSIC,TRIPLE,151,17,TRIPLE,20,DOUBLE,20,TRIPLE
184,CLASSIC,TRIPLE,150,10,TRIPLE,20,TRIPLE,20,TRIPLE
185,CLASSIC,TRIPLE,149,13,TRIPLE,25,DOUBLE,20,TRIPLE
186,CLASSIC,TRIPLE,148,16,TRIPLE,20,DOUBLE,20,TRIPLE
187,CLASSIC,TRIPLE,147,9,TRIPLE,20,TRIPLE,20,TRIPLE
188,CLASSIC,TRIPLE,146,12,TRIPLE,25,DOUBLE,20,TRIPLE
189,CLASSIC,TRIPLE,145,15,TRIPLE,20,DOUBLE,20,TRIPLE
190,CLASSIC,TRIPLE,144,8,TRIPLE,20,TRIPLE,20,TRIPLE
191,CLASSIC,TRIPLE,143,11,TRIPLE,25,DOUBLE,20,TRIPLE
192,CLASSIC,TRIPLE,142,14,TRIPLE,20,DOUBLE,20,TRIPLE
193,CLASSIC,TRIPLE,141,7,TRIPLE,20,TRIPLE,20,TRIPLE
194,CLASSIC,TRIPLE,140,10,TRIPLE,25,DOUBLE,20,TRIPLE
195,CLASSIC,TRIPLE,139,13,TRIPLE,20,DOUBLE,20,TRIPLE
196,CLASSIC,TRIPLE,138,6,TRIPLE,20,TRIPLE,20,TRIPLE
197,CLASSIC,TRIPLE,137,9,TRIPLE,25,DOUBLE,20,TRIPLE
198,CLASSIC,TRIPLE,136,12,TRIPLE,20,DOUBLE,20,TRIPLE
199,CLASSIC,TRIPLE,135,5,TRIPLE,20,TRIPLE,20,TRIPLE
200,CLASSIC,TRIPLE,134,8,TRIPLE,25,DOUBLE,20,TRIPLE
201,CLASSIC,TRIPLE,133,11,TRIPLE,20,DOUBLE,20,TRIPLE
202,CLASSIC,TRIPLE,132,4,TRIPLE,20,TRIPLE,20,TRIPLE
203,CLASSIC,TRIPLE,131,7,TRIPLE,25,DOUBLE,20,TRIPLE
204,CLASSIC,TRIPLE,130,10,TRIPLE,20,DOUBLE,20,TRIPLE
205,CLASSIC,TRIPLE,129,3,TRIPLE,20,TRIPLE,20,TRIPLE
206,CLASSIC,TRIPLE,128,6,TRIPLE,25,DOUBLE,20,TRIPLE
207,CLASSIC,TRIPLE,127,9,TRIPLE,20,DOUBLE,20,TRIPLE
208,CLASSIC,TRIPLE,126,2,TRIPLE,20,TRIPLE,20,TRIPLE
209,CLASSIC,TRIPLE,125,5,TRIPLE,25,DOUBLE,20,TRIPLE
210,CLASSIC,TRIPLE,124,8,TRIPLE,20,DOUBLE,20,TRIPLE
211,CLASSIC,TRIPLE,123,1,TRIPLE,20,TRIPLE,20,TRIPLE
212,CLASSIC,TRIPLE,122,4,TRIPLE,25,DOUBLE,20,TRIPLE
213,CLASSIC,TRIPLE,121,7,TRIPLE,20,DOUBLE,20,TRIPLE
214,CLASSIC,TRIPLE,120,20,TRIPLE,20,TRIPLE,,
215,CLASSIC,TRIPLE,119,3,TRIPLE,25,DOUBLE,20,TRIPLE
216,CLASSIC,TRIPLE,118,6,TRIPLE,20,DOUBLE,20,TRIPLE
217,CLASSIC,TRIPLE,117,19,TRIPLE,20,TRIPLE,,
218,CLASSIC,TRIPLE,116,2,TRIPLE,25,DOUBLE,20,TRIPLE
219,CLASSIC,TRIPLE,115,5,TRIPLE,20,DOUBLE,20,TRIPLE
220,CLASSIC,TRIPLE,114,18,TRIPLE,20,TRIPLE,,
221,CLASSIC,TRIPLE,113,1,TRIPLE,25,DOUBLE,20,TRIPLE
222,CLASSIC,TRIPLE,112,4,TRIPLE,20,DOUBLE,20,TRIPLE
223,CLASSIC,TRIPLE,111,17,TRIPLE,20,TRIPLE,,
224,CLASSIC,TRIPLE,110,20,TRIPLE,25,DOUBLE,,
225,CLASSIC,TRIPLE,109,3,TRIPLE,20,DOUBLE,20,TRIPLE
226,CLASSIC,TRIPLE,108,16,TRIPLE,20,TRIPLE,,
227,CLASSIC,TRIPLE,107,19,TRIPLE,25,DOUBLE,,
228,CLASSIC,TRIPLE,106,2,TRIPLE,20,DOUBLE,20,TRIPLE
229,CLASSIC,TRIPLE,105,15,TRIPLE,20,TRIPLE,,
230,CLASSIC,TRIPLE,104,18,TRIPLE,25,DOUBLE,,
231,CLASSIC,TRIPLE,103,1,TRIPLE,20,DOUBLE,20,TRIPLE
232,CLASSIC,TRIPLE,102,14,TRIPLE,20,TRIPLE,,
233,CLASSIC,TRIPLE,101,17,TRIPLE,25,DOUBLE,,
234,CLASSIC,TRIPLE,100,20,TRIPLE,20,DOUBLE,,
235,CLASSIC,TRIPLE,99,13,TRIPLE,20,TRIPLE,,
236,CLASSIC,TRIPLE,98,16,TRIPLE,25,DOUBLE,,
237,CLASSIC,TRIPLE,97,19,TRIPLE,20,DOUBLE,,
238,CLASSIC,TRIPLE,96,12,TRIPLE,20,TRIPLE,,
239,CLASSIC,TRIPLE,95,15,TRIPLE,25,DOUBLE,,
240,CLASSIC,TRIPLE,94,18,TRIPLE,20,DOUBLE,,
241,CLASSIC,TRIPLE,93,11,TRIPLE,20,TRIPLE,,
242,CLASSIC,TRIPLE,92,14,TRIPLE,25,DOUBLE,,
243,CLASSIC,TRIPLE,91,17,TRIPLE,20,DOUBLE,,
244,CLASSIC,TRIPLE,90,10,TRIPLE,20,TRIPLE,,
245,CLASSIC,TRIPLE,89,13,TRIPLE,25,DOUBLE,,
246,CLASSIC,TRIPLE,88,16,TRIPLE,20,DOUBLE,,
247,CLASSIC,TRIPLE,87,9,TRIPLE,20,TRIPLE,,
248,CLASSIC,TRIPLE,86,12,TRIPLE,25,DOUBLE,,
249,CLASSIC,TRIPLE,85,15,TRIPLE,20,DOUBLE,,
250,CLASSIC,TRIPLE,84,8,TRIPLE,20,TRIPLE,,
251,CLASSIC,TRIPLE,83,11,TRIPLE,25,DOUBLE,,
252,CLASSIC,TRIPLE,82,14,TRIPLE,20,DOUBLE,,
253,CLASSIC,TRIPLE,81,7,TRIPLE,20,TRIPLE,,
254,CLASSIC,TRIPLE,80,10,TRIPLE,25,DOUBLE,,
255,CLASSIC,TRIPLE,79,13,TRIPLE,20,DOUBLE,,
256,CLASSIC,TRIPLE,78,6,TRIPLE,20,TRIPLE,,
257,CLASSIC,TRIPLE,77,9,TRIPLE,25,DOUBLE,,
258,CLASSIC,TRIPLE,76,12,TRIPLE,20,DOUBLE,,
259,CLASSIC,TRIPLE,75,5,TRIPLE,20,TRIPLE,,
260,CLASSIC,TRIPLE,74,8,TRIPLE,25,DOUBLE,,
261,CLASSIC,TRIPLE,73,11,TRIPLE,20,DOUBLE,,
262,CLASSIC,TRIPLE,72,4,TRIPLE,20,TRIPLE,,
263,CLASSIC,TRIPLE,71,7,TRIPLE,25,DOUBLE,,
264,CLASSIC,TRIPLE,70,10,TRIPLE,20,DOUBLE,,
265,CLASSIC,TRIPLE,69,3,TRIPLE,20,TRIPLE,,
266,CLASSIC,TRIPLE,68,6,TRIPLE,25,DOUBLE,,
267,CLASSIC,TRIPLE,67,9,TRIPLE,20,DOUBLE,,
268,CLASSIC,TRIPLE,66,2,TRIPLE,20,TRIPLE,,
269,CLASSIC,TRIPLE,65,5,TRIPLE,25,DOUBLE,,
270,CLASSIC,TRIPLE,64,8,TRIPLE,20,DOUBLE,,
271,CLASSIC,TRIPLE,63,1,TRIPLE,20,TRIPLE,,
272,CLASSIC,TRIPLE,62,4,TRIPLE,25,DOUBLE,,
273,CLASSIC,TRIPLE,61,7,TRIPLE,20,DOUBLE,,
274,CLASSIC,TRIPLE,60,20,TRIPLE,,,,
275,CLASSIC,TRIPLE,59,3,TRIPLE,25,DOUBLE,,
276,CLASSIC,TRIPLE,58,6,TRIPLE,20,DOUBLE,,
277,CLASSIC,TRIPLE,57,19,TRIPLE,,,,
278,CLASSIC,TRIPLE,56,2,TRIPLE,25,DOUBLE,,
279,CLASSIC,TRIPLE,55,5,TRIPLE,20,DOUBLE,,
280,CLASSIC,TRIPLE,54,18,TRIPLE,,,,
281,CLASSIC,TRIPLE,53,1,TRIPLE,25,DOUBLE,,
282,CLASSIC,TRIPLE,52,4,TRIPLE,20,DOUBLE,,
283,CLASSIC,TRIPLE,51,17,TRIPLE,,,,
284,CLASSIC,TRIPLE,50,4,TRIPLE,19,DOUBLE,,
285,CLASSIC,TRIPLE,49,3,TRIPLE,20,DOUBLE,,
286,CLASSIC,TRIPLE,48,16,TRIPLE,,,,
287,CLASSIC,TRIPLE,47,3,TRIPLE,19,DOUBLE,,
288,CLASSIC,TRIPLE,46,2,TRIPLE,20,DOUBLE,,
289,CLASSIC,TRIPLE,45,15,TRIPLE,,,,
290,CLASSIC,TRIPLE,44,2,TRIPLE,19,DOUBLE,,
291,CLASSIC,TRIPLE,43,1,TRIPLE,20,DOUBLE,,
292,CLASSIC,TRIPLE,42,14,TRIPLE,,,,
293,CLASSIC,TRIPLE,41,1,TRIPLE,19,DOUBLE,,
294,CLASSIC,TRIPLE,40,2,TRIPLE,17,DOUBLE,,
295,CLASSIC,TRIPLE,39,13,TRIPLE,,,,
296,CLASSIC,TRIPLE,38,2,TRIPLE,16,DOUBLE,,
297,CLASSIC,TRIPLE,37,1,TRIPLE,17,DOUBLE,,
298,CLASSIC,TRIPLE,36,12,TRIPLE,,,,
299,CLASSIC,TRIPLE,35,1,TRIPLE,16,DOUBLE,,
300,CLASSIC,TRIPLE,34,2,TRIPLE,14,DOUBLE,,
301,CLASSIC,TRIPLE,33,11,TRIPLE,,,,
302,CLASSIC,TRIPLE,32,2,TRIPLE,13,DOUBLE,,
303,CLASSIC,TRIPLE,31,1,TRIPLE,14,DOUBLE,,
304,CLASSIC,TRIPLE,30,10,TRIPLE,,,,
305,CLASSIC,TRIPLE,29,1,TRIPLE,13,DOUBLE,,
306,CLASSIC,TRIPLE,28,1,TRIPLE,25,SINGLE,,
307,CLASSIC,TRIPLE,27,9,TRIPLE,,,,
308,CLASSIC,TRIPLE,26,2,TRIPLE,10,DOUBLE,,
309,CLASSIC,TRIPLE,25,1,TRIPLE,11,DOUBLE,,
310,CLASSIC,TRIPLE,24,8,TRIPLE,,,,
311,CLASSIC,TRIPLE,23,1,TRIPLE,10,DOUBLE,,
312,CLASSIC,TRIPLE,22,1,TRIPLE,19,SINGLE,,
313,CLASSIC,TRIPLE,21,7,TRIPLE,,,,
314,CLASSIC,TRIPLE,20,1,TRIPLE,17,SINGLE,,
315,CLASSIC,TRIPLE,19,1,TRIPLE,8,DOUBLE,,
316,CLASSIC,TRIPLE,18,6,TRIPLE,,,,
317,CLASSIC,TRIPLE,17,1,TRIPLE,7,DOUBLE,,
318,CLASSIC,TRIPLE,16,1,TRIPLE,13,SINGLE,,
319,CLASSIC,TRIPLE,15,5,TRIPLE,,,,
320,CLASSIC,TRIPLE,14,1,TRIPLE,11,SINGLE,,
321,CLASSIC,TRIPLE,13,1,TRIPLE,5,DOUBLE,,
322,CLASSIC,TRIPLE,12,4,TRIPLE,,,,
323,CLASSIC,TRIPLE,11,1,TRIPLE,4,DOUBLE,,
324,CLASSIC,TRIPLE,10,1,TRIPLE,7,SINGLE,,
325,CLASSIC,TRIPLE,9,3,TRIPLE,,,,
326,CLASSIC,TRIPLE,8,1,TRIPLE,5,SINGLE,,
327,CLASSIC,TRIPLE,7,1,TRIPLE,2,DOUBLE,,
328,CLASSIC,TRIPLE,6,2,TRIPLE,,,,
329,CLASSIC,TRIPLE,5,1,TRIPLE,1,DOUBLE,,
330,CLASSIC,TRIPLE,4,1,TRIPLE,1,SINGLE,,
331,CLASSIC,TRIPLE,3,1,TRIPLE,,,,
332,CLASSIC,SINGLE,145,20,TRIPLE,20,TRIPLE,25,SINGLE
333,CLASSIC,SINGLE,144,20,TRIPLE,20,TRIPLE,8,TRIPLE
334,CLASSIC,SINGLE,143,20,TRIPLE,19,TRIPLE,13,DOUBLE
335,CLASSIC,SINGLE,142,20,TRIPLE,20,TRIPLE,11,DOUBLE
336,CLASSIC,SINGLE,141,20,TRIPLE,19,TRIPLE,12,DOUBLE
337,CLASSIC,SINGLE,140,20,TRIPLE,20,TRIPLE,20,SINGLE
338,CLASSIC,SINGLE,139,20,TRIPLE,19,TRIPLE,11,DOUBLE
339,CLASSIC,SINGLE,138,20,TRIPLE,20,TRIPLE,18,SINGLE
340,CLASSIC,SINGLE,137,20,TRIPLE,19,TRIPLE,20,SINGLE
341,CLASSIC,SINGLE,136,20,TRIPLE,20,TRIPLE,16,SINGLE
342,CLASSIC,SINGLE,135,20,TRIPLE,20,TRIPLE,15,SINGLE
343,CLASSIC,SINGLE,134,20,TRIPLE,20,TRIPLE,14,SINGLE
344,CLASSIC,SINGLE,133,20,TRIPLE,18,TRIPLE,19,SINGLE
345,CLASSIC,SINGLE,132,20,TRIPLE,20,TRIPLE,12,SINGLE
346,CLASSIC,SINGLE,131,20,TRIPLE,17,TRIPLE,20,SINGLE
347,CLASSIC,SINGLE,130,20,TRIPLE,20,TRIPLE,10,SINGLE
348,CLASSIC,SINGLE,129,20,TRIPLE,17,TRIPLE,18,SINGLE
349,CLASSIC,SINGLE,128,20,TRIPLE,20,TRIPLE,8,SINGLE
350,CLASSIC,SINGLE,127,20,TRIPLE,16,TRIPLE,19,SINGLE
351,CLASSIC,SINGLE,126,20,TRIPLE,20,TRIPLE,6,SINGLE
352,CLASSIC,SINGLE,125,20,TRIPLE,20,TRIPLE,5,SINGLE
353,CLASSIC,SINGLE,124,20,TRIPLE,20,TRIPLE,4,SINGLE
354,CLASSIC,SINGLE,123,20,TRIPLE,20,TRIPLE,3,SINGLE
355,CLASSIC,SINGLE,122,20,TRIPLE,20,TRIPLE,2,SINGLE
356,CLASSIC,SINGLE,121,20,TRIPLE,20,TRIPLE,1,SINGLE
357,CLASSIC,SINGLE,120,20,TRIPLE,20,TRIPLE,,
358,CLASSIC,SINGLE,119,20,TRIPLE,19,TRIPLE,2,SINGLE
359,CLASSIC,SINGLE,118,20,TRIPLE,19,TRIPLE,1,SINGLE
360,CLASSIC,SINGLE,117,20,TRIPLE,19,TRIPLE,,
361,CLASSIC,SINGLE,116,20,TRIPLE,18,TRIPLE,2,SINGLE
362,CLASSIC,SINGLE,115,20,TRIPLE,18,TRIPLE,1,SINGLE
363,CLASSIC,SINGLE,114,20,TRIPLE,18,TRIPLE,,
364,CLASSIC,SINGLE,113,20,TRIPLE,17,TRIPLE,2,SINGLE
365,CLASSIC,SINGLE,112,20,TRIPLE,17,TRIPLE,1,SINGLE
366,CLASSIC,SINGLE,111,20,TRIPLE,17,TRIPLE,,
367,CLASSIC,SINGLE,110,20,TRIPLE,16,TRIPLE,2,SINGLE
368,CLASSIC,SINGLE,109,20,TRIPLE,16,TRIPLE,1,SINGLE
369,CLASSIC,SINGLE,108,20,TRIPLE,16,TRIPLE,,
370,CLASSIC,SINGLE,107,20,TRIPLE,15,TRIPLE,2,SINGLE
371,CLASSIC,SINGLE,106,20,TRIPLE,15,TRIPLE,1,SINGLE
372,CLASSIC,SINGLE,105,20,TRIPLE,15,TRIPLE,,
373,CLASSIC,SINGLE,104,20,TRIPLE,14,TRIPLE,2,SINGLE
374,CLASSIC,SINGLE,103,20,TRIPLE,14,TRIPLE,1,SINGLE
375,CLASSIC,SINGLE,102,20,TRIPLE,14,TRIPLE,,
376,CLASSIC,SINGLE,101,20,TRIPLE,13,TRIPLE,2,SINGLE
377,CLASSIC,SINGLE,100,20,TRIPLE,13,TRIPLE,1,SINGLE
378,CLASSIC,SINGLE,99,20,TRIPLE,13,TRIPLE,,
379,CLASSIC,SINGLE,98,20,TRIPLE,12,TRIPLE,2,SINGLE
380,CLASSIC,SINGLE,97,20,TRIPLE,12,TRIPLE,1,SINGLE
381,CLASSIC,SINGLE,96,20,TRIPLE,12,TRIPLE,,
382,CLASSIC,SINGLE,95,20,TRIPLE,11,TRIPLE,2,SINGLE
383,CLASSIC,SINGLE,94,20,TRIPLE,11,TRIPLE,1,SINGLE
384,CLASSIC,SINGLE,93,20,TRIPLE,11,TRIPLE,,
385,CLASSIC,SINGLE,92,20,TRIPLE,10,TRIPLE,2,SINGLE
386,CLASSIC,SINGLE,91,20,TRIPLE,10,TRIPLE,1,SINGLE
387,CLASSIC,SINGLE,90,20,TRIPLE,10,TRIPLE,,
388,CLASSIC,SINGLE,89,20,TRIPLE,9,TRIPLE,2,SINGLE
389,CLASSIC,SINGLE,88,20,TRIPLE,9,TRIPLE,1,SINGLE
390,CLASSIC,SINGLE,87,20,TRIPLE,9,TRIPLE,,
391,CLASSIC,SINGLE,86,20,TRIPLE,8,TRIPLE,2,SINGLE
392,CLASSIC,SINGLE,85,20,TRIPLE,8,TRIPLE,1,SINGLE
393,CLASSIC,SINGLE,84,20,TRIPLE,8,TRIPLE,,
394,CLASSIC,SINGLE,83,20,TRIPLE,7,TRIPLE,2,SINGLE
395,CLASSIC,SINGLE,82,20,TRIPLE,7,TRIPLE,1,SINGLE
396,CLASSIC,SINGLE,81,20,TRIPLE,7,TRIPLE,,
397,CLASSIC,SINGLE,80,20,TRIPLE,20,SINGLE,,
398,CLASSIC,SINGLE,79,20,TRIPLE,19,SINGLE,,
399,CLASSIC,SINGLE,78,20,TRIPLE,18,SINGLE,,
400,CLASSIC,SINGLE,77,20,TRIPLE,17,SINGLE,,
401,CLASSIC,SINGLE,76,20,TRIPLE,16,SINGLE,,
402,CLASSIC,SINGLE,75,20,TRIPLE,15,SINGLE,,
403,CLASSIC,SINGLE,74,20,TRIPLE,14,SINGLE,,
404,CLASSIC,SINGLE,73,20,TRIPLE,13,SINGLE,,
405,CLASSIC,SINGLE,72,20,TRIPLE,12,SINGLE,,
406,CLASSIC,SINGLE,71,20,TRIPLE,11,SINGLE,,
407,CLASSIC,SINGLE,70,20,TRIPLE,10,SINGLE,,
408,CLASSIC,SINGLE,69,20,TRIPLE,9,SINGLE,,
409,CLASSIC,SINGLE,68,20,TRIPLE,8,SINGLE,,
410,CLASSIC,SINGLE,67,20,TRIPLE,7,SINGLE,,
411,CLASSIC,SINGLE,66,20,TRIPLE,6,SINGLE,,
412,CLASSIC,SINGLE,65,20,TRIPLE,5,SINGLE,,
413,CLASSIC,SINGLE,64,20,TRIPLE,4,SINGLE,,
414,CLASSIC,SINGLE,63,20,TRIPLE,3,SINGLE,,
415,CLASSIC,SINGLE,62,20,TRIPLE,2,SINGLE,,
416,CLASSIC,SINGLE,61,20,TRIPLE,1,SINGLE,,
417,CLASSIC,SINGLE,60,20,TRIPLE,,,,
418,CLASSIC,SINGLE,59,19,TRIPLE,2,SINGLE,,
419,CLASSIC,SINGLE,58,19,TRIPLE,1,SINGLE,,
420,CLASSIC,SINGLE,57,19,TRIPLE,,,,
421,CLASSIC,SINGLE,56,18,TRIPLE,2,SINGLE,,
422,CLASSIC,SINGLE,55,18,TRIPLE,1,SINGLE,,
423,CLASSIC,SINGLE,54,18,TRIPLE,,,,
424,CLASSIC,SINGLE,53,17,TRIPLE,2,SINGLE,,
425,CLASSIC,SINGLE,52,17,TRIPLE,1,SINGLE,,
426,CLASSIC,SINGLE,51,17,TRIPLE,,,,
427,CLASSIC,SINGLE,50,16,TRIPLE,2,SINGLE,,
428,CLASSIC,SINGLE,49,16,TRIPLE,1,SINGLE,,
429,CLASSIC,SINGLE,48,16,TRIPLE,,,,
430,CLASSIC,SINGLE,47,15,TRIPLE,2,SINGLE,,
431,CLASSIC,SINGLE,46,15,TRIPLE,1,SINGLE,,
432,CLASSIC,SINGLE,45,15,TRIPLE,,,,
433,CLASSIC,SINGLE,44,14,TRIPLE,2,SINGLE,,
434,CLASSIC,SINGLE,43,14,TRIPLE,1,SINGLE,,
435,CLASSIC,SINGLE,42,14,TRIPLE,,,,
436,CLASSIC,SINGLE,41,13,TRIPLE,2,SINGLE,,
437,CLASSIC,SINGLE,40,13,TRIPLE,1,SINGLE,,
438,CLASSIC,SINGLE,39,13,TRIPLE,,,,
439,CLASSIC,SINGLE,38,12,TRIPLE,2,SINGLE,,
440,CLASSIC,SINGLE,37,12,TRIPLE,1,SINGLE,,
441,CLASSIC,SINGLE,36,12,TRIPLE,,,,
442,CLASSIC,SINGLE,35,11,TRIPLE,2,SINGLE,,
443,CLASSIC,SINGLE,34,11,TRIPLE,1,SINGLE,,
444,CLASSIC,SINGLE,33,11,TRIPLE,,,,
445,CLASSIC,SINGLE,32,10,TRIPLE,2,SINGLE,,
446,CLASSIC,SINGLE,31,10,TRIPLE,1,SINGLE,,
447,CLASSIC,SINGLE,30,10,TRIPLE,,,,
448,CLASSIC,SINGLE,29,9,TRIPLE,2,SINGLE,,
449,CLASSIC,SINGLE,28,9,TRIPLE,1,SINGLE,,
450,CLASSIC,SINGLE,27,9,TRIPLE,,,,
451,CLASSIC,SINGLE,26,8,TRIPLE,2,SINGLE,,
452,CLASSIC,SINGLE,25,25,SINGLE,,,,
453,CLASSIC,SINGLE,24,8,TRIPLE,,,,
454,CLASSIC,SINGLE,23,7,TRIPLE,2,SINGLE,,
455,CLASSIC,SINGLE,22,7,TRIPLE,1,SINGLE,,
456,CLASSIC,SINGLE,21,7,TRIPLE,,,,
457,CLASSIC,SINGLE,20,20,SINGLE,,,,
458,CLASSIC,SINGLE,19,19,SINGLE,,,,
459,CLASSIC,SINGLE,18,18,SINGLE,,,,
460,CLASSIC,SINGLE,17,17,SINGLE,,,,
461,CLASSIC,SINGLE,16,16,SINGLE,,,,
462,CLASSIC,SINGLE,15,15,SINGLE,,,,
463,CLASSIC,SINGLE,14,14,SINGLE,,,,
464,CLASSIC,SINGLE,13,13,SINGLE,,,,
465,CLASSIC,SINGLE,12,12,SINGLE,,,,
466,CLASSIC,SINGLE,11,11,SINGLE,,,,
467,CLASSIC,SINGLE,10,10,SINGLE,,,,
468,CLASSIC,SINGLE,9,9,SINGLE,,,,
469,CLASSIC,SINGLE,8,8,SINGLE,,,,
470,CLASSIC,SINGLE,7,7,SINGLE,,,,
471,CLASSIC,SINGLE,6,6,SINGLE,,,,
472,CLASSIC,SINGLE,5,5,SINGLE,,,,
473,CLASSIC,SINGLE,4,4,SINGLE,,,,
474,CLASSIC,SINGLE,3,3,SINGLE,,,,
475,CLASSIC,SINGLE,2,2,SINGLE,,,,
476,CLASSIC,SINGLE,1,1,SINGLE,,,,
